ID,Dorsal,Nombre,Demarcacion,Caracteristicas,Foto_Archivo,Foto_URL
"5df8fd1e-9f9a-465c-96da-c091dfce997f","11","BARRANCO MONTOYA, FRANCISCO JAVIER","Extremo","Dorsal 11 | Titular | Extremo","11_BARRANCO_MONTOYA_FRANCISCO_JAVIER.png","https://slexyuklfyjufevzppsc.supabase.co/storage/v1/object/public/FOTOS%20JUGADORES/jugadores_equipo/Arandina_CF/11_BARRANCO_MONTOYA_FRANCISCO_JAVIER.png"
"bc173903-6201-4c4e-88c5-646b77f877b7","20","CORTÁZAR GARCÍA, METEKU JUAN","Delantero","Dorsal 20 | Suplente | Delantero / Extremo","20_CORTAZAR_GARCIA_METEKU_JUAN.png","https://slexyuklfyjufevzppsc.supabase.co/storage/v1/object/public/FOTOS%20JUGADORES/jugadores_equipo/Arandina_CF/20_CORTAZAR_GARCIA_METEKU_JUAN.png"
"2ccf3241-3094-4e53-bbe8-74c297dc539c","15","CORTIJO DEL HOYO, FERNANDO","Defensa Lateral","Dorsal 15 | Suplente | Lateral","15_CORTIJO_DEL_HOYO_FERNANDO.png","https://slexyuklfyjufevzppsc.supabase.co/storage/v1/object/public/FOTOS%20JUGADORES/jugadores_equipo/Arandina_CF/15_CORTIJO_DEL_HOYO_FERNANDO.png"
"7a0d9988-009a-4247-ab0c-0640f399d950","6","DE BENITO FERNANDEZ, AARON","Mediocentro","Dorsal 6 | Suplente | Mediocentro","06_DE_BENITO_FERNANDEZ_AARON.png","https://slexyuklfyjufevzppsc.supabase.co/storage/v1/object/public/FOTOS%20JUGADORES/jugadores_equipo/Arandina_CF/06_DE_BENITO_FERNANDEZ_AARON.png"
"fbacc007-d7df-4d75-82d7-1494c62de539","13","GONZALEZ CESPEDOSA, ALBERTO","Portero","Dorsal 13 | Suplente | Portero","13_GONZALEZ_CESPEDOSA_ALBERTO.png","https://slexyuklfyjufevzppsc.supabase.co/storage/v1/object/public/FOTOS%20JUGADORES/jugadores_equipo/Arandina_CF/13_GONZALEZ_CESPEDOSA_ALBERTO.png"
"0715fb1a-ae79-4ebe-83aa-714649eeae09","8","GONZÁLEZ IGLESIAS, ISRAEL","Mediocentro","Dorsal 8 | Titular | Mediocentro","08_GONZALEZ_IGLESIAS_ISRAEL.png","https://slexyuklfyjufevzppsc.supabase.co/storage/v1/object/public/FOTOS%20JUGADORES/jugadores_equipo/Arandina_CF/08_GONZALEZ_IGLESIAS_ISRAEL.png"
"06cc115f-5168-449b-aa2b-da72bd52aefc","10","GONZALEZ SANTANA, MARIO","Mediapunta","Dorsal 10 | Titular | Mediapunta / Creativo","10_GONZALEZ_SANTANA_MARIO.png","https://slexyuklfyjufevzppsc.supabase.co/storage/v1/object/public/FOTOS%20JUGADORES/jugadores_equipo/Arandina_CF/10_GONZALEZ_SANTANA_MARIO.png"
"2c273d33-440f-4059-9fbf-fd57e1f22aa2","4","HURTADO MELADO, ALEJANDRO","Defensa Central","Dorsal 4 | Suplente | Defensa Central","04_HURTADO_MELADO_ALEJANDRO.png","https://slexyuklfyjufevzppsc.supabase.co/storage/v1/object/public/FOTOS%20JUGADORES/jugadores_equipo/Arandina_CF/04_HURTADO_MELADO_ALEJANDRO.png"
"7b89657f-3262-4695-ab12-e63ab8cf9bb9","21","JIMENEZ RUIZ, ADRIAN","Defensa Lateral","Dorsal 21 | Titular | Lateral","21_JIMENEZ_RUIZ_ADRIAN.png","https://slexyuklfyjufevzppsc.supabase.co/storage/v1/object/public/FOTOS%20JUGADORES/jugadores_equipo/Arandina_CF/21_JIMENEZ_RUIZ_ADRIAN.png"
"90ccb957-e777-4623-96df-e1939a456fbd","18","KANOUTE, FAMOUSSA","Extremo","Dorsal 18 | Titular | Extremo / Delantero","18_KANOUTE_FAMOUSSA.png","https://slexyuklfyjufevzppsc.supabase.co/storage/v1/object/public/FOTOS%20JUGADORES/jugadores_equipo/Arandina_CF/18_KANOUTE_FAMOUSSA.png"
"59767b7f-2275-4d10-a855-4e69f28616e4","3","MARTIN AGUILAR, FRANCISCO","Defensa Central","Dorsal 3 | Titular | Defensa Central / Lateral","03_MARTIN_AGUILAR_FRANCISCO.png","https://slexyuklfyjufevzppsc.supabase.co/storage/v1/object/public/FOTOS%20JUGADORES/jugadores_equipo/Arandina_CF/03_MARTIN_AGUILAR_FRANCISCO.png"
"8b127db2-ad86-4988-b128-1e7194f00f2e","19","MENOR MOLINERO, JOSE","Interior","Dorsal 19 | Titular | Interior / Mediapunta","19_MENOR_MOLINERO_JOSE.png","https://slexyuklfyjufevzppsc.supabase.co/storage/v1/object/public/FOTOS%20JUGADORES/jugadores_equipo/Arandina_CF/19_MENOR_MOLINERO_JOSE.png"
"9b987212-b5f7-4ef4-a389-1484d1a89eca","14","NEBREDA MUÑOZ, LUCAS","Defensa Lateral","Dorsal 14 | Titular | Lateral / Defensa","14_NEBREDA_MUNOZ_LUCAS.png","https://slexyuklfyjufevzppsc.supabase.co/storage/v1/object/public/FOTOS%20JUGADORES/jugadores_equipo/Arandina_CF/14_NEBREDA_MUNOZ_LUCAS.png"
"405b5dd6-ed54-4ce6-b31d-76b36c6c9877","9","RENGEL RODRIGUEZ, JULIO","Delantero","Dorsal 9 | Titular | Delantero Centro","09_RENGEL_RODRIGUEZ_JULIO.png","https://slexyuklfyjufevzppsc.supabase.co/storage/v1/object/public/FOTOS%20JUGADORES/jugadores_equipo/Arandina_CF/09_RENGEL_RODRIGUEZ_JULIO.png"
"0f9bfca9-647f-4595-89fd-b8f508a4bf17","5","SASTOQUE PINZON, JUAN DIEGO","Defensa Central","Dorsal 5 | Titular | Central","05_SASTOQUE_PINZON_JUAN_DIEGO.png","https://slexyuklfyjufevzppsc.supabase.co/storage/v1/object/public/FOTOS%20JUGADORES/jugadores_equipo/Arandina_CF/05_SASTOQUE_PINZON_JUAN_DIEGO.png"
"ae05efdf-72cd-4ce3-8e02-4cab3c3a4193","1","TAPIAS PEREZ, RODRIGO","Portero","Dorsal 1 | Titular | Portero","01_TAPIAS_PEREZ_RODRIGO.png","https://slexyuklfyjufevzppsc.supabase.co/storage/v1/object/public/FOTOS%20JUGADORES/jugadores_equipo/Arandina_CF/01_TAPIAS_PEREZ_RODRIGO.png"
"e0e4db24-698e-4588-bd3c-b556b3721220","7","VELASCO RUIZ, GUILLERMO","Extremo","Dorsal 7 | Suplente | Extremo","07_VELASCO_RUIZ_GUILLERMO.png","https://slexyuklfyjufevzppsc.supabase.co/storage/v1/object/public/FOTOS%20JUGADORES/jugadores_equipo/Arandina_CF/07_VELASCO_RUIZ_GUILLERMO.png"